,mu_baseline,sigma_baseline,min,max
RVEDV,0.40264,0.0904,0.255,0.535
RVESV,0.16172,0.04238,0.095,0.22
RVEDP,4.17,3.05,0.5,10
RVMaxP,27.05,5.26,19,38
RVSV,0.25669,0.06389,0.135,0.325
