,mu_d-1,mu_d0,mu_d30,mu_d60,mu_d90,sigma_d-1,sigma_d0,sigma_d30,sigma_d60,sigma_d90,min,max
LVEDV,82.13803650140439,90.36845656247483,144.48263693447748,154.09838784217655,157.50672343618706,8.21380365014044,9.036845656247484,14.44826369344775,15.409838784217655,15.750672343618707,10,200
EDWthLfw,5.3523249411390035,5.16065549004506,4.599089229083809,4.637106480554935,4.649810291209412,0.5352324941139004,0.516065549004506,0.4599089229083809,0.4637106480554935,0.4649810291209412,2,50
LVEF,0.5442930576097545,0.7051865093351197,0.504615071833361,0.4764947967237899,0.4667561713463967,0.05442930576097546,0.07051865093351198,0.0504615071833361,0.047649479672378994,0.04667561713463967,0,1
