,mu_baseline,sigma_baseline,min,max
RVEDV,0.05089,0.01207,0.032,0.075
RVESV,0.02351,0.00967,0.01,0.04
RVEDP,3.31,1.74,1,7
RVMaxP,35.58,5.11,29,47
RVSV,0.0273,0.0074,0.015,0.04
