,mu_baseline,mu_acute,sigma_baseline,sigma_acute,min,max
LVEDV,82.13803650140439,90.36845656247483,8.21380365014044,9.036845656247484,10,200
LVESV,37.430873467993365,26.641840125180813,3.743087346799337,2.6641840125180813,0,200
LVEF,0.5442930576097545,0.7051865093351197,0.05442930576097546,0.07051865093351198,0,1
LVEDP,11.15075361120218,14.845587178877821,1.115075361120218,1.4845587178877822,0,40
MAP,70.72532947533696,51.57529006344608,7.072532947533697,5.157529006344609,25,250
EDWthLfw,5.3523249411390035,5.16065549004506,0.5352324941139004,0.516065549004506,2,50
LVRF,,0.5231094704228907,,0.05231094704228907,0,1
